{
  "format_version": "1.12.0",
  "minecraft:geometry": [
    {
      "description": {
        "identifier": "geometry.dragon_head_fox",
        "texture_width": 256,
        "texture_height": 256,
        "visible_bounds_width": 3,
        "visible_bounds_height": 3.5,
        "visible_bounds_offset": [0, 1.25, 0]
      },
      "bones": [
        {
          "name": "head",
          "pivot": [0, 0, 0],
          "cubes": [
            {
              "origin": [-6, -5, -10],
              "size": [12, 12, 12],
              "uv": {
                "north": {
                  "uv": [128, 46],
                  "uv_size": [16, 16]
                },
                "east": {
                  "uv": [112, 46],
                  "uv_size": [16, 16]
                },
                "south": {
                  "uv": [160, 46],
                  "uv_size": [16, 16]
                },
                "west": {
                  "uv": [144, 46],
                  "uv_size": [16, 16]
                },
                "up": {
                  "uv": [128, 30],
                  "uv_size": [16, 16]
                },
                "down": {
                  "uv": [160, 46],
                  "uv_size": [-16, -16]
                }
              }
            },
            {
              "origin": [-3.75, 7, -5.5],
              "size": [1.5, 3, 4.5],
              "uv": {
                "north": {
                  "uv": [8, 6],
                  "uv_size": [-2, 4]
                },
                "east": {
                  "uv": [0, 6],
                  "uv_size": [6, 4]
                },
                "south": {
                  "uv": [16, 6],
                  "uv_size": [-2, 4]
                },
                "west": {
                  "uv": [8, 6],
                  "uv_size": [6, 4]
                },
                "up": {
                  "uv": [8, 0],
                  "uv_size": [-2, 6]
                },
                "down": {
                  "uv": [8, 6],
                  "uv_size": [2, -6]
                }
              }
            },
            {
              "origin": [2.25, 7, -5.5],
              "size": [1.5, 3, 4.5],
              "uv": {
                "north": {
                  "uv": [6, 6],
                  "uv_size": [2, 4]
                },
                "east": {
                  "uv": [0, 6],
                  "uv_size": [6, 4]
                },
                "south": {
                  "uv": [14, 6],
                  "uv_size": [2, 4]
                },
                "west": {
                  "uv": [8, 6],
                  "uv_size": [6, 4]
                },
                "up": {
                  "uv": [6, 0],
                  "uv_size": [2, 6]
                },
                "down": {
                  "uv": [10, 6],
                  "uv_size": [-2, -6]
                }
              }
            },
            {
              "origin": [2.25, 1.75, -19],
              "size": [1.5, 1.5, 3],
              "uv": {
                "north": {
                  "uv": [116, 4],
                  "uv_size": [2, 2]
                },
                "east": {
                  "uv": [112, 4],
                  "uv_size": [4, 2]
                },
                "south": {
                  "uv": [122, 4],
                  "uv_size": [2, 2]
                },
                "west": {
                  "uv": [118, 4],
                  "uv_size": [4, 2]
                },
                "up": {
                  "uv": [116, 0],
                  "uv_size": [2, 4]
                },
                "down": {
                  "uv": [120, 4],
                  "uv_size": [-2, -4]
                }
              }
            },
            {
              "origin": [-3.75, 1.75, -19],
              "size": [1.5, 1.5, 3],
              "uv": {
                "north": {
                  "uv": [116, 4],
                  "uv_size": [2, 2]
                },
                "east": {
                  "uv": [118, 4],
                  "uv_size": [4, 2]
                },
                "south": {
                  "uv": [122, 4],
                  "uv_size": [2, 2]
                },
                "west": {
                  "uv": [112, 4],
                  "uv_size": [4, 2]
                },
                "up": {
                  "uv": [118, 0],
                  "uv_size": [-2, 4]
                },
                "down": {
                  "uv": [120, 4],
                  "uv_size": [-2, -4]
                }
              }
            },
            {
              "origin": [-4.5, -2, -20.5],
              "size": [9, 3.75, 12],
              "uv": {
                "north": {
                  "uv": [204, 60],
                  "uv_size": [-12, 5]
                },
                "east": {
                  "uv": [220, 60],
                  "uv_size": [-16, 5]
                },
                "south": {
                  "uv": [232, 60],
                  "uv_size": [-12, 5]
                },
                "west": {
                  "uv": [192, 60],
                  "uv_size": [-16, 5]
                },
                "up": {
                  "uv": [192, 44],
                  "uv_size": [12, 16]
                },
                "down": {
                  "uv": [204, 60],
                  "uv_size": [12, -16]
                }
              }
            },
            {
              "origin": [-4.5, -4.5, -19.5],
              "size": [9, 3, 12],
              "pivot": [0, -5, -6],
              "rotation": [11.658, 0, 0],
              "uv": {
                "north": {
                  "uv": [204, 81],
                  "uv_size": [-12, 4]
                },
                "east": {
                  "uv": [220, 81],
                  "uv_size": [-16, 4]
                },
                "south": {
                  "uv": [232, 81],
                  "uv_size": [-12, 4]
                },
                "west": {
                  "uv": [192, 81],
                  "uv_size": [-16, 4]
                },
                "up": {
                  "uv": [192, 65],
                  "uv_size": [12, 16]
                },
                "down": {
                  "uv": [204, 81],
                  "uv_size": [12, -16]
                }
              }
            }
          ]
        }
      ]
    }
  ]
}