{
  "format_version": "1.12.0",
  "minecraft:geometry": [
    {
      "description": {
        "identifier": "geometry.piglin_head_fox",
        "texture_width": 64,
        "texture_height": 64,
        "visible_bounds_width": 3,
        "visible_bounds_height": 3,
        "visible_bounds_offset": [0, 0.5, 0]
      },
      "bones": [
        {
          "name": "head",
          "pivot": [0, 0, 0],
          "cubes": [
            {
              "origin": [-5, -4, -8],
              "size": [10, 8, 8],
              "inflate": 0.01,
              "uv": [0, 0]
            },
            {
              "origin": [-2, -4, -9.01],
              "size": [4, 4, 1],
              "inflate": 0.01,
              "uv": [31, 1]
            },
            {
              "origin": [2, -4, -9.01],
              "size": [1, 2, 1],
              "inflate": 0.01,
              "uv": [2, 4]
            },
            {
              "origin": [-3, -4, -9.01],
              "size": [1, 2, 1],
              "inflate": 0.01,
              "uv": [2, 0]
            }
          ]
        },
        {
          "name": "leftear",
          "parent": "head",
          "pivot": [5, 2, -4],
          "rotation": [0, 0, -30],
          "cubes": [
            {
              "origin": [4, -3, -6],
              "size": [1, 5, 4],
              "inflate": 0.01,
              "uv": [51, 6]
            }
          ]
        },
        {
          "name": "rightear",
          "parent": "head",
          "pivot": [-5, 2, -4],
          "rotation": [0, 0, 30],
          "cubes": [
            {
              "origin": [-5, -3, -6],
              "size": [1, 5, 4],
              "inflate": 0.01,
              "uv": [39, 6]
            }
          ]
        }
      ]
    }
  ]
}