{
  "format_version": "1.12.0",
  "minecraft:geometry": [
    {
      "description": {
        "identifier": "geometry.player_head_fox",
        "texture_width": 64,
        "texture_height": 64,
        "visible_bounds_width": 2,
        "visible_bounds_height": 3.5,
        "visible_bounds_offset": [0, 1.25, 0]
      },
      "bones": [
        {
          "name": "head",
          "pivot": [0, 0, 0],
          "cubes": [
            {
              "origin": [-4.05, -5, -7],
              "size": [8.1, 8.1, 8.1],
              "uv": {
                "north": {
                  "uv": [8, 8],
                  "uv_size": [8, 8]
                },
                "east": {
                  "uv": [0, 8],
                  "uv_size": [8, 8]
                },
                "south": {
                  "uv": [24, 8],
                  "uv_size": [8, 8]
                },
                "west": {
                  "uv": [16, 8],
                  "uv_size": [8, 8]
                },
                "up": {
                  "uv": [16, 0],
                  "uv_size": [-8, 8]
                },
                "down": {
                  "uv": [24, 8],
                  "uv_size": [-8, -8]
                }
              }
            }
          ]
        }
      ]
    }
  ]
}