{
  "format_version": "1.10.0",
  "minecraft:attachable": {
    "description": {
      "identifier": "dftweaks:netherite_chestplate_worn.fox",
      "item": {
        "minecraft:netherite_chestplate": "q.is_owner_identifier_any('minecraft:fox') == 1.0"
      },
      "materials": {
        "default": "armor",
        "enchanted": "armor_enchanted"
      },
      "textures": {
        "default": "textures/models/armor/netherite_1",
        "enchanted": "textures/misc/enchanted_item_glint"
      },
      "geometry": {
        "default": "geometry.chestplate_fox"
      },
      "scripts": {
        "parent_setup": "v.chest_layer_visible = 0.0;"
      },
      "render_controllers": ["controller.render.fox_armor"]
    }
  }
}