[
  {
    "flipbook_texture": "textures/blocks/bubble_column_outer_a",
    "atlas_index": 0,
    "atlas_tile_variant": 0,
    "atlas_tile": "bubble_column",
    "ticks_per_frame": 1,
    "frames": [ 0, 1, 2, 3, 4, 5, 6, 7, 8, 9, 10, 11, 12, 13, 14, 15, 16, 17, 18, 19, 20, 21, 22, 23, 24, 25, 26, 27, 28, 29, 30, 31 ],
    "blend_frames": false
  },
  {
    "flipbook_texture": "textures/blocks/bubble_column_outer_b",
    "atlas_index": 1,
    "atlas_tile_variant": 1,
    "atlas_tile": "bubble_column",
    "ticks_per_frame": 1,
    "frames": [ 24, 23, 22, 21, 20, 19, 18, 17, 16, 15, 14, 13, 12, 11, 10, 9, 8, 7, 6, 5, 4, 3, 2, 1, 0, 31, 30, 29, 28, 27, 26, 25 ],
    "blend_frames": false
  },
  {
    "atlas_tile": "chemical_heat",
    "blend_frames": true,
    "flipbook_texture": "textures/blocks/chemical_heat",
    "ticks_per_frame": 10
  }
]