{
  "format_version": "1.12.0",
  "minecraft:geometry": [
    {
      "description": {
        "identifier": "geometry.boots_fox",
        "texture_width": 64,
        "texture_height": 32,
        "visible_bounds_width": 2,
        "visible_bounds_height": 2.5,
        "visible_bounds_offset": [0, 0.75, 0]
      },
      "bones": [
        {
          "name": "world",
          "pivot": [0, 0, 0]
        },
        {
          "name": "root",
          "parent": "world",
          "pivot": [0, 0, 0]
        },
        {
          "name": "body",
          "parent": "root",
          "pivot": [0, 8, 0]
        },
        {
          "name": "leg0",
          "parent": "body",
          "pivot": [-3, 6, 6],
          "cubes": [
            {
              "origin": [-3.005, 0, 5],
              "size": [2, 6, 2],
              "inflate": 0.25,
              "uv": {
                "north": {
                  "uv": [4, 20],
                  "uv_size": [4, 12]
                },
                "east": {
                  "uv": [0, 20],
                  "uv_size": [4, 12]
                },
                "south": {
                  "uv": [12, 20],
                  "uv_size": [4, 12]
                },
                "west": {
                  "uv": [8, 20],
                  "uv_size": [4, 12]
                },
                "up": {
                  "uv": [8, 20],
                  "uv_size": [-4, -4]
                },
                "down": {
                  "uv": [12, 20],
                  "uv_size": [-4, -4]
                }
              }
            }
          ]
        },
        {
          "name": "leg1",
          "parent": "body",
          "pivot": [1, 6, 6],
          "cubes": [
            {
              "origin": [1.005, 0, 5],
              "size": [2, 6, 2],
              "inflate": 0.25,
              "uv": {
                "north": {
                  "uv": [8, 20],
                  "uv_size": [-4, 12]
                },
                "east": {
                  "uv": [12, 20],
                  "uv_size": [-4, 12]
                },
                "south": {
                  "uv": [16, 20],
                  "uv_size": [-4, 12]
                },
                "west": {
                  "uv": [4, 20],
                  "uv_size": [-4, 12]
                },
                "up": {
                  "uv": [4, 20],
                  "uv_size": [4, -4]
                },
                "down": {
                  "uv": [8, 20],
                  "uv_size": [4, -4]
                }
              }
            }
          ]
        }
      ]
    }
  ]
}