{
  "format_version": "1.12.0",
  "minecraft:geometry": [
    {
      "description": {
        "identifier": "geometry.helmet_fox",
        "texture_width": 64,
        "texture_height": 32,
        "visible_bounds_width": 2,
        "visible_bounds_height": 2.5,
        "visible_bounds_offset": [0, 0.75, 0]
      },
      "bones": [
        {
          "name": "world",
          "pivot": [0, 0, 0]
        },
        {
          "name": "root",
          "parent": "world",
          "pivot": [0, 0, 0]
        },
        {
          "name": "body",
          "parent": "root",
          "pivot": [0, 8, 0]
        },
        {
          "name": "head",
          "parent": "body",
          "pivot": [0, 8, -3],
          "cubes": [
            {
              "origin": [-4, 4, -9],
              "size": [8, 6, 7],
              "inflate": 0.5,
              "uv": {
                "north": {
                  "uv": [8, 8],
                  "uv_size": [8, 8]
                },
                "east": {
                  "uv": [0, 8],
                  "uv_size": [8, 8]
                },
                "south": {
                  "uv": [24, 8],
                  "uv_size": [8, 8]
                },
                "west": {
                  "uv": [16, 8],
                  "uv_size": [8, 8]
                },
                "up": {
                  "uv": [16, 8],
                  "uv_size": [-8, -8]
                },
                "down": {
                  "uv": [24, 8],
                  "uv_size": [-8, -8]
                }
              }
            },
            {
              "origin": [-4, 4, -9],
              "size": [8, 6, 7],
              "inflate": 0.75,
              "uv": {
                "north": {
                  "uv": [40, 8],
                  "uv_size": [8, 8]
                },
                "east": {
                  "uv": [32, 8],
                  "uv_size": [8, 8]
                },
                "south": {
                  "uv": [56, 8],
                  "uv_size": [8, 8]
                },
                "west": {
                  "uv": [48, 8],
                  "uv_size": [8, 8]
                },
                "up": {
                  "uv": [48, 8],
                  "uv_size": [-8, -8]
                },
                "down": {
                  "uv": [56, 8],
                  "uv_size": [-8, -8]
                }
              }
            }
          ]
        }
      ]
    }
  ]
}