{
  "format_version": "1.16.0",
  "minecraft:attachable": {
    "description": {
      "identifier": "dftweaks:dragon_head_worn.fox",
      "item": {
        "minecraft:dragon_head": "query.is_owner_identifier_any('minecraft:fox') == 1.0"
      },
      "materials": {
        "default": "armor",
        "enchanted": "armor_enchanted"
      },
      "textures": {
        "default": "textures/entity/dragon/dragon",
        "enchanted": "textures/misc/enchanted_item_glint"
      },
      "geometry": {
        "default": "geometry.dragon_head_fox"
      },
      "scripts": {
        "parent_setup": "variable.helmet_layer_visible = 0.0;"
      },
      "render_controllers": [
        {
          "controller.render.block_worn.disabled": "c.is_first_person || !query.is_item_name_any('slot.armor.head', 'minecraft:dragon_head')"
        },
        {
          "controller.render.block_worn.enabled": "!c.is_first_person && query.is_item_name_any('slot.armor.head', 'minecraft:dragon_head')"
        }
      ]
    }
  }
}