{
  "format_version": "1.10.0",
  "minecraft:attachable": {
    "description": {
      "identifier": "dftweaks:skull_worn.fox",
      "item": {
        "minecraft:skull": "q.is_owner_identifier_any('minecraft:fox') == 1.0"
      },
      "materials": {
        "default": "armor",
        "enchanted": "armor_enchanted"
      },
      "textures": {
        "default": "textures/entity/skulls/skeleton",
        "enchanted": "textures/misc/enchanted_item_glint"
      },
      "geometry": {
        "default": "geometry.skull_fox"
      },
      "scripts": {
        "parent_setup": "v.helmet_layer_visible = 0.0;"
      },
      "render_controllers": [
        {
          "controller.render.block_worn.disabled": "c.is_first_person || !q.is_item_name_any('slot.armor.head', 'minecraft:skull')"
        },
        {
          "controller.render.block_worn.enabled": "!c.is_first_person && q.is_item_name_any('slot.armor.head', 'minecraft:skull')"
        }
      ]
    }
  }
}