{
  "format_version": "1.12.0",
  "minecraft:geometry": [
    {
      "description": {
        "identifier": "geometry.block_worn_witch",
        "texture_width": 16,
        "texture_height": 16,
        "visible_bounds_width": 2,
        "visible_bounds_height": 3.5,
        "visible_bounds_offset": [0, 1.25, 0]
      },
      "bones": [
        {
          "name": "head",
          "pivot": [0, 0, 0],
          "cubes": [
            {
              "origin": [-4.75, -0.5, -4.75],
              "size": [9.5, 9.5, 9.5],
              "uv": {
                "north": {
                  "uv": [0, 0],
                  "uv_size": [16, 16]
                },
                "east": {
                  "uv": [0, 0],
                  "uv_size": [16, 16]
                },
                "south": {
                  "uv": [0, 0],
                  "uv_size": [16, 16]
                },
                "west": {
                  "uv": [0, 0],
                  "uv_size": [16, 16]
                },
                "up": {
                  "uv": [16, 16],
                  "uv_size": [-16, -16]
                },
                "down": {
                  "uv": [16, 16],
                  "uv_size": [-16, -16]
                }
              }
            }
          ]
        }
      ]
    }
  ]
}