{
  "format_version": "1.10.0",
  "minecraft:attachable": {
    "description": {
      "identifier": "dftweaks:leather_helmet_worn.fox",
      "item": {
        "minecraft:leather_helmet": "q.is_owner_identifier_any('minecraft:fox') == 1.0"
      },
      "materials": {
        "default": "armor_leather",
        "enchanted": "armor_leather_enchanted"
      },
      "textures": {
        "default": "textures/models/armor/leather_1",
        "enchanted": "textures/misc/enchanted_item_glint"
      },
      "geometry": {
        "default": "geometry.helmet_fox"
      },
      "scripts": {
        "parent_setup": "v.helmet_layer_visible = 0.0;"
      },
      "render_controllers": ["controller.render.fox_armor"]
    }
  }
}