{
  "format_version": "1.10.0",
  "minecraft:attachable": {
    "description": {
      "identifier": "dftweaks:elytra_worn.fox",
      "item": {
        "minecraft:elytra": "q.is_owner_identifier_any('minecraft:fox') == 1.0"
      },
      "materials": {
        "default": "elytra",
        "enchanted": "elytra_glint"
      },
      "textures": {
        "default": "textures/models/armor/fox/elytra",
        "enchanted": "textures/misc/enchanted_item_glint"
      },
      "geometry": {
        "default": "geometry.elytra_fox"
      },
      "scripts": {
        "parent_setup": "v.chest_layer_visible = 0.0;"
      },
      "render_controllers": ["controller.render.fox_armor"]
    }
  }
}